genome_id,location,vent_field,vent,sample_number,bin_number,bin_id,genus,length,num_contigs,N50,GC_content,completion,redundancy,number_genes,abundance,relative_abundance,mean_coverage,std_coverage,normalized_coverage,number_SNVs,norm_SNV
Sulfurovum_01,Axial,Dependable,,FS900,Bin_15,FS900-Bin_15,Sulfurovum,1427644,182,9601,31.18384911,71.94244604,1.438848921,1444,0.777481505,0.100106461,10.62002592,4.111846005,7.44E-06,204,0.000142893
Sulfurovum_02,Axial,El Guapo,,FS896,Bin_8,FS896-Bin_8,Sulfurovum,2206642,249,12292,50.57381944,88.48920863,2.877697842,2470,0.559278404,0.914205929,12.28316912,4.529763848,5.57E-06,10859,0.004921052
Sulfurovum_03,Axial,El Guapo,,FS896,Bin_9,FS896-Bin_9,Sulfurovum,1790541,339,5975,46.89530974,86.33093525,6.474820144,2001,0.550292852,0.129224126,12.08582366,4.400009703,6.75E-06,18662,0.010422548
Sulfurovum_04,Axial,El Guapo,,FS896,Bin_4,FS896-Bin_4,Sulfurovum,1334830,245,5917,30.7603727,76.25899281,2.158273381,1431,0.464080265,0.017414283,10.19237707,3.80679187,7.64E-06,4242,0.003177933
Sulfurovum_05,Axial,Marker 33,,FS908,Bin_1,FS908-Bin_1,Sulfurovum,875077,177,5067,35.67433072,70.50359712,0.71942446,980,0.459545435,0.028727305,9.810128772,3.86149491,1.12E-05,2273,0.002597486
Sulfurovum_06,Axial,Marker 33,,FS917,Bin_6,FS917-Bin_6,Sulfurovum,1140286,237,4885,29.79571194,84.17266187,4.316546763,1269,0.772000058,0.243702804,10.07038255,0.772000058,8.83E-06,4448,0.003900776
Sulfurovum_07,Axial,Marker 113,,FS906,Bin_8,FS906-Bin_8,Sulfurovum,2048994,405,5498,35.75718669,71.22302158,2.158273381,2152,0.211191489,0.205371298,10.89981402,4.115222719,5.32E-06,8653,0.004223048
Sulfurovum_08,Axial,Marker 113,,FS906,Bin_6,FS906-Bin_6,Sulfurovum,2084665,168,17046,37.94331438,84.17266187,2.158273381,2169,12.42055647,0.825791669,641.0379341,76.62129545,0.000307502,1875,0.000899425
Sulfurovum_09,Axial,Marker 113,,FS906,Bin_12,FS906-Bin_12,Sulfurovum,1042616,119,10427,35.17469711,91.36690647,0.71942446,1133,0.433024265,0.043128262,22.34883606,6.551165943,2.14E-05,6381,0.006120182
Sulfurovum_10,Axial,Marker 33,,FS904,Bin_4,FS904-Bin_4,Sulfurovum,1747597,168,14127,30.41608772,94.24460432,3.597122302,1777,0.804615179,0.148439062,12.90460725,4.373609274,7.38E-06,7562,0.004327085
Sulfurovum_11,Axial,Marker 113,,FS903,Bin_5,FS903-Bin_5,Sulfurovum,894463,168,5666,35.10393056,83.45323741,2.158273381,1031,0.522711056,0.078311222,8.321914995,3.276420298,9.30E-06,1391,0.001555123
Sulfurovum_12,Axial,N3 Area,,FS898,Bin_12,FS898-Bin_12,Sulfurovum,1550985,163,12047,36.20534003,96.4028777,0.71942446,1614,1.180526934,0.442357731,19.93928127,5.932811491,1.29E-05,16982,0.010949171
Sulfurovum_13,Axial,N3 Area,,FS898,Bin_1,FS898-Bin_1,Sulfurovum,1591765,164,11987,34.05104816,96.4028777,0.71942446,1674,0.748135938,0.062577023,12.63613091,4.485316818,7.94E-06,4750,0.002984109
Sulfurovum_14,MCR,Von Damm,Shrimp Hole,FS844,Bin_43,FS844-Bin_43,Sulfurovum,1918793,239,10177,34.57601823,97.12230216,1.438848921,2135,4.6610303,0.998340905,246.6464148,53.1449384,0.000128542,22929,0.0119497
Sulfurovum_15,MCR,Von Damm,Shrimp Hole,FS844,Bin_13,FS844-Bin_13,Sulfurovum,1767871,212,12779,38.54371238,92.8057554,5.755395683,1908,0.633038045,0.103674036,33.49829422,9.661248064,1.89E-05,23271,0.013163291
Sulfurovum_16,MCR,Piccard,"X-19 at BV 4, BVM",FS854,Bin_99,FS854-Bin_99,Sulfurovum,1870573,152,18565,35.75896561,92.08633094,2.158273381,2030,24.40983094,0.583476181,2441.164561,500.7179301,0.001305036,7496,0.004007328
Sulfurovum_17,MCR,Piccard,"X-19 at BV 4, BVM",FS854,Bin_7,FS854-Bin_7,Sulfurovum,1625685,132,18714,39.35015843,90.64748201,5.755395683,1755,0.189695239,0.025706067,18.97093413,9.150783395,1.17E-05,8228,0.005061251
Sulfurovum_18,MCR,Piccard,"X-19 at BV 4, BVM",FS854,Bin_9,FS854-Bin_9,Sulfurovum,1826106,241,9032,38.66015472,75.53956835,4.316546763,2015,1.202850137,0.051959327,120.2939559,35.82602561,6.59E-05,25288,0.013848046
Sulfurovum_19,MCR,Piccard,"Shrimp Gulley 2, BSM",FS856,Bin_37,FS856-Bin_37,Sulfurovum,1934456,168,17281,36.25070269,94.24460432,4.316546763,2065,4.748883708,0.391032367,1059.147475,190.5529884,0.000547517,9020,0.00466281
Sulfurovum_20,MCR,Von Damm,near Main Orifice,FS866,Bin_31,FS866-Bin_31,Sulfurovum,1835174,321,6559,34.36028648,74.82014388,4.316546763,2095,1.427626691,0.061599833,71.35271193,24.39073531,3.89E-05,68576,0.037367574
Sulfurovum_21,MCR,Von Damm,Old Man Tree,FS881,Bin_43,FS881-Bin_43,Sulfurovum,1943705,167,16326,38.89695984,90.64748201,2.877697842,2057,0.474897832,0.028714285,112.9801979,33.14022956,5.81E-05,36544,0.018801207
Sulfurovum_22,MCR,Von Damm,Old Man Tree,FS881,Bin_45,FS881-Bin_45,Sulfurovum,1736799,161,14653,35.74327772,79.85611511,1.438848921,1915,1.147614115,0.975443449,273.0222399,63.34217899,0.000157199,19433,0.011188975